id,prediction
0,ckd
1,ckd
2,ckd
3,ckd
4,ckd
5,ckd
6,ckd
7,ckd
8,ckd
9,ckd
10,ckd
11,ckd
12,ckd
13,ckd
14,ckd
15,ckd
16,ckd
17,ckd
18,ckd
19,ckd
20,ckd
21,ckd
22,ckd
23,ckd
24,ckd
25,ckd
26,ckd
27,ckd
28,ckd
29,ckd
30,ckd
31,ckd
32,ckd
33,ckd
34,ckd
35,ckd
36,ckd
37,ckd
38,ckd
39,ckd
40,ckd
41,ckd
42,ckd
43,ckd
44,ckd
45,ckd
46,ckd
47,ckd
48,ckd
49,ckd
50,ckd
51,ckd
52,ckd
53,ckd
54,ckd
55,ckd
56,ckd
57,ckd
58,ckd
59,ckd
60,ckd
61,ckd
62,ckd
63,ckd
64,ckd
65,ckd
66,ckd
67,ckd
68,ckd
69,ckd
70,ckd
71,ckd
72,ckd
73,ckd
74,ckd
75,ckd
76,ckd
77,ckd
78,ckd
79,ckd
80,ckd
81,ckd
82,ckd
83,ckd
84,ckd
85,ckd
86,ckd
87,ckd
88,ckd
89,ckd
90,ckd
91,ckd
92,ckd
93,ckd
94,ckd
95,ckd
96,ckd
97,ckd
98,ckd
99,ckd
100,ckd
101,ckd
102,ckd
103,ckd
104,ckd
105,ckd
106,ckd
107,ckd
108,ckd
109,ckd
110,ckd
111,ckd
112,ckd
113,ckd
114,ckd
115,ckd
116,ckd
117,ckd
118,ckd
119,ckd
120,ckd
121,ckd
122,ckd
123,ckd
124,ckd
125,ckd
126,ckd
127,ckd
128,ckd
129,ckd
130,ckd
131,ckd
132,ckd
133,ckd
134,ckd
135,ckd
136,ckd
137,ckd
138,ckd
139,ckd
140,ckd
141,ckd
142,ckd
143,ckd
144,ckd
145,ckd
146,ckd
147,ckd
148,ckd
149,ckd
150,ckd
151,ckd
152,ckd
153,ckd
154,ckd
155,ckd
156,ckd
157,ckd
158,ckd
159,ckd
160,ckd
161,ckd
162,ckd
163,ckd
164,ckd
165,ckd
166,ckd
167,ckd
168,ckd
169,ckd
170,ckd
171,ckd
172,ckd
173,ckd
174,ckd
175,ckd
176,ckd
177,ckd
178,ckd
179,ckd
180,ckd
181,ckd
182,ckd
183,ckd
184,ckd
185,ckd
186,ckd
187,ckd
188,ckd
189,ckd
190,ckd
191,ckd
192,ckd
193,ckd
194,ckd
195,ckd
196,ckd
197,ckd
198,ckd
199,ckd
200,ckd
201,ckd
202,ckd
203,ckd
204,ckd
205,ckd
206,ckd
207,ckd
208,ckd
209,ckd
210,ckd
211,ckd
212,ckd
213,ckd
214,ckd
215,ckd
216,ckd
217,ckd
218,ckd
219,ckd
220,ckd
221,ckd
222,ckd
223,ckd
224,ckd
225,ckd
226,ckd
227,ckd
228,ckd
229,ckd
230,ckd
231,ckd
232,ckd
233,ckd
234,ckd
235,ckd
236,ckd
237,ckd
238,ckd
239,ckd
240,ckd
241,ckd
242,ckd
243,ckd
244,ckd
245,ckd
246,ckd
247,ckd
248,ckd
249,ckd
250,notckd
251,notckd
252,notckd
253,notckd
254,notckd
255,notckd
256,notckd
257,notckd
258,notckd
259,notckd
260,notckd
261,notckd
262,notckd
263,notckd
264,notckd
265,notckd
266,notckd
267,notckd
268,notckd
269,notckd
270,notckd
271,notckd
272,notckd
273,ckd
274,notckd
275,notckd
276,notckd
277,notckd
278,notckd
279,notckd
280,notckd
281,notckd
282,notckd
283,notckd
284,notckd
285,notckd
286,notckd
287,notckd
288,notckd
289,notckd
290,notckd
291,notckd
292,notckd
293,notckd
294,notckd
295,notckd
296,notckd
297,notckd
298,notckd
299,notckd
300,notckd
301,notckd
302,notckd
303,notckd
304,notckd
305,notckd
306,notckd
307,notckd
308,notckd
309,notckd
310,notckd
311,notckd
312,notckd
313,notckd
314,notckd
315,notckd
316,notckd
317,notckd
318,notckd
319,notckd
320,notckd
321,notckd
322,notckd
323,notckd
324,notckd
325,notckd
326,notckd
327,notckd
328,notckd
329,notckd
330,notckd
331,notckd
332,notckd
333,notckd
334,notckd
335,notckd
336,notckd
337,notckd
338,notckd
339,notckd
340,notckd
341,notckd
342,notckd
343,notckd
344,notckd
345,notckd
346,notckd
347,notckd
348,notckd
349,notckd
350,notckd
351,notckd
352,notckd
353,notckd
354,notckd
355,notckd
356,notckd
357,notckd
358,notckd
359,notckd
360,notckd
361,notckd
362,notckd
363,notckd
364,notckd
365,notckd
366,notckd
367,notckd
368,notckd
369,notckd
370,notckd
371,notckd
372,notckd
373,notckd
374,notckd
375,notckd
376,notckd
377,notckd
378,notckd
379,notckd
380,notckd
381,notckd
382,notckd
383,notckd
384,notckd
385,notckd
386,notckd
387,notckd
388,notckd
389,notckd
390,notckd
391,notckd
392,notckd
393,notckd
394,notckd
395,notckd
396,notckd
397,notckd
398,notckd
399,notckd
